{
  "mod": {
    "name": "Extended Lockboxes info (Class)",
    "description": "Lockbox Rates and Contents",
    "author": "Unknown",
    "version": "1.0",
    "type": "class",
    "pxVersion": "20251212132631",
    "locale": {
      "item.properties": {
	   "f.slime_lockbox_contents": "A slippery, slimy lockbox won at the Golden Slime Casino.  It contains one of many special items.  It can be opened with a Slime Key or a Silver Key.\n\nCan contain one of the following items:\n\n{0}\n",
	   "f.lockbox_character": "A special lockbox that contains one of many unique items that modify the appearance of your Knight!  It can only be opened with a Silver Key.  Silver Keys can be purchased from the Supply Depot.\n\nCan contain one of the following items:\n\n{0}",
	   "f.lockbox": "A special lockbox that contains one of hundreds of unique items!  It can only be opened with a Silver Key.  Silver Keys can be purchased from the Supply Depot.\n\nCan contain one of the following items:\n\n{0}\n\n{1}",
	   "f.lockbox_table": "Helmet Accessory (80%):\n\n76.78% for one of the following:\n- Plume, Ribbon, Vented Visor, Binocular Visor, Knight Vission Goggles, Game Face, Helm-Mounted Display, Goggles, Com Unit, Mecha Wings, Helm Guards, Bolted Vee, Headband, Wide Vee, Maid Headband, Flower\n\n19.19% for one of the following:\n- Long Feather, Vertical Vents, Pipe, Glasses, Maedate\n\n3.84% for one of the following:\n- Scarf, Mustache, Mohawk\n\n0.19% for one of the following:\n- Dapper Combo, Toupee, Divine/Volcanic/Prismatic Halo\n\nArmor Accessory (20%):\n\n76.78% for one of the following:\n- Vitakit, Canteen, Barrel Belly\n\n19.19% for one of the following:\n- Side Blade, Bomb Bandolier\n\n3.84% for one of the following:\n- Wolver Tail, Parrying Blade\n\n0.19% for one of the following:\n- Twinkle Aura, Ghostly Aura, Unclean Aura, Twilight Aura, Flame Aura, Wings\n\n+ A possible BONUS item (3.84%):\n\n- Mirrored Lockbox, Shadow Key",
	   "f.lockbox_table_copper": "Accessory (98.04%):\n\n76.78% for one of the following:\n- Binoculars\n- Flower\n- Headband\n- Plume\n\n19.19% for one of the following:\n- Long Feather\n- Pipe\n\n3.84% for one of the following:\n- Wolver Tail\n- Prismatic Glow Eyes\n\n0.19% for one of the following:\n- Twinkle Aura\n- Twilight Aura\n\nOther (1.96%):\n\n- Shadow Key",
	   "f.lockbox_table_steel": "Accessory (98.04%):\n\n76.78% for one of the following:\n- Bolted Vee\n- Wide Vee\n- Mecha Wings\n- Game Face\n\n19.19% for one of the following:\n- Vertical Vents\n- Spike Mohawk\n\n3.84% for one of the following:\n- Ankle Booster\n- Aero Fin\n\n0.19% for one of the following:\n- Shoulder Booster\n- Flame Aura\n\nOther (1.96%):\n\n- Shadow Key",
	   "f.lockbox_table_silver": "Accessory (98.04%):\n\n76.78% for one of the following:\n- Vitakit\n- Targeting Module\n- Binocular Visor\n- Helm-Mounted Display\n- Mech'tennas\n\n19.19% for one of the following:\n- Maedate\n- Intel Tube\n\n3.84% for one of the following:\n- Giga Shades\n\n0.19% for one of the following:\n- Wings\n- Divine/Volcanic/Prismatic Halo\n\nOther (1.96%):\n\n- Shadow Key",
	   "f.lockbox_table_platinum": "Accessory (98.04%):\n\n76.78% for one of the following:\n- Com Unit\n- Knight Vision Goggles\n- Goggles\n\n19.19% for one of the following:\n- Sensor Unit\n- Bomb Bandolier\n\n3.84% for one of the following:\n- Mohawk\n- Devious Horns\n- Scarf\n\n0.19% for one of the following:\n- Unclean Aura\n- Ghostly Aura\n\nOther (1.96%):\n\n- Shadow Key",
	   "f.lockbox_table_gold": "Accessory (98.04%):\n\n76.78% for one of the following:\n- Canteen\n- Ribbon\n- Maid Headband\n\n19.19% for one of the following:\n- Monocle\n- Glasses\n\n3.84% for one of the following:\n- Mustache\n- Round Shades\n\n0.19% for one of the following:\n- Dapper Combo\n- Toupee\n\nOther (1.96%):\n\n- Shadow Key",
	   "f.lockbox_table_titanium": "Accessory (98.04%):\n\n76.78% for one of the following:\n- Helm Guards\n- Munitions Pack\n- Barrel Belly\n- Vented Visor\n\n19.19% for one of the following:\n- Headlamp\n- Side Blade\n\n3.84% for one of the following:\n- Rebreather\n- Parrying Blade\n\n0.19% for one of the following:\n- Vial Bandolier\n\nOther (1.96%):\n\n- Shadow Key",
	   "f.lockbox_table_character": "Eyes (90.91%):\n\n- Cheeky\n- Closed\n- Dot\n- Exed\n- Jolly\n- Delicate\n- Pill\n- Plus\n- Angry\n- Sad\n- Shifty\n- Sleepy\n- Spiral\n- Squinty\n- Sultry\n- Vacant\n\nHeight Modifier (9.09%):\n\n- Extra Short\n- Extra Tall",
	   "f.lockbox_table_recolors": "Recolor rates:\n\n97.85%: Cool, Regal, Military, Heavy, Fancy, Dusky, Toasty\n1.96%: Divine, Volcanic\n0.19%: Prismatic",
	   "f.slime_lockbox_content_qqq": "- Node Slime Mask\n- Node Slime Guards\n- Node Receiver\n- Node Container\n- Node Wall\n- Node Crusher\n- Slimed Aura\n- Writhing Tendrils\n- Early Riser Ring\n- Dawn Bracelet\n- Daybreaker Band\n- Somnambulist's Totem\n- Node Field Aura"
      },
      "item-names.properties": {
	   "a.qqq": "QQQ {0}",
	   "a.b1b": "B1B (Aquamarine) {0}",
	   "a.a1j": "A1J (Pearl) {0}",
	   "a.a1i": "A1I (Emerald) {0}",
	   "a.a1h": "A1H (Diamond) {0}",
	   "a.a1b": "A1B {0}",
	   "a.a1a": "A1A (Amethyst) {0}",
	   "a.a19": "A19 (Garnet) {0}",
	   "a.a18": "A18 (Turquoise) {0}",
	   "a.a17": "A17 (Citrine) {0}",
	   "a.a16": "A16 (Opal) {0}",
	   "a.a14": "A14 (Sapphire) {0}",
	   "a.a12": "A12 (Peridot) {0}",
	   "a.a10": "A10 (Ruby) {0}",
	   "a.50e": "50E (Wicked) {0}",
	   "a.509": "509 (Shadow) {0}",
	   "a.41d": "41D (Hazardous) {0}",
	   "a.41c": "41C (Dangerous) {0}",
	   "a.40n": "40N (Glacial) {0}",
	   "a.40g": "40G (Hunter) {0}",
	   "a.403": "403 {0}",
	   "a.009": "009 {0}",
	   "a.008": "008 {0}",
	   "a.007": "007 {0}",
	   "a.006": "006 {0}",
	   "a.005": "005 {0}",
	   "a.004": "004 {0}",
	   "a.003": "003 {0}",
	   "a.002": "002 {0}",
	   "a.001": "001 {0}",
	   "a.000": "000 {0}"
      }
    }
  }
}